<vm version="2.0"><group id="4a4a688f2b6b004939b4be788389dc6c"><entry><agency>MASS</agency><schema>1</schema><value>1</value></entry><entry><agency>IFLOW</agency><schema>IF_KeyStore</schema><value>IF_KeyStore</value></entry></group><group id="ced4cf8b75134ada13fad0afc52656c8"><entry><agency>MASS</agency><schema>1</schema><value>2</value></entry><entry><agency>IFLOW</agency><schema>IF_KeyStore</schema><value>IF_PERSIST_DEMO</value></entry></group><group id="32d9767a203b9d5ddb3d85b88e6b8f73"><entry><agency>MASS</agency><schema>1</schema><value>3</value></entry><entry><agency>IFLOW</agency><schema>IF_KeyStore</schema><value>IF_MAIL</value></entry></group><group id="e9f75ec775afb871f2c5b82ca30e818f"><entry><agency>MASS</agency><schema>1</schema><value>4</value></entry><entry><agency>IFLOW</agency><schema>IF_KeyStore</schema><value>IF_Deploy_Undeploy</value></entry></group></vm>